mclust_cluster,n,grip_losses,grip_loss_rate
3,54,23,0.42592592592592593
1,73,20,0.273972602739726
2,25,3,0.12
5,12,1,0.08333333333333333
4,57,4,0.07017543859649122
6,19,0,0
