mclust_cluster,n,grip_losses,grip_loss_rate
7,664,39,0.058734939759036146
2,1954,97,0.0496417604912999
1,620,28,0.04516129032258064
5,819,29,0.03540903540903541
9,410,14,0.03414634146341464
6,396,6,0.015151515151515152
4,605,9,0.01487603305785124
3,825,12,0.014545454545454545
10,694,7,0.010086455331412104
8,368,2,0.005434782608695652
