mclust_cluster,n,protective_stops,protective_stop_rate,relative_to_overall
3,54,31,0.5740740740740741,1.7663817663817662
4,57,31,0.543859649122807,1.6734143049932524
5,12,3,0.25,0.7692307692307692
6,19,3,0.15789473684210525,0.48582995951417
1,73,9,0.1232876712328767,0.3793466807165437
2,25,1,0.04,0.12307692307692307
