mclust_cluster,n,protective_stops,protective_stop_rate
3,54,31,0.5740740740740741
4,57,31,0.543859649122807
5,12,3,0.25
6,19,3,0.15789473684210525
1,73,9,0.1232876712328767
2,25,1,0.04
