model,accuracy,sensitivity,specificity,balanced_accuracy
Logistic Regression,0.9473684210526315,0.9523809523809523,0.9454545454545454,0.9489177489177489
Decision Tree,0.9736842105263158,0.9523809523809523,0.9818181818181818,0.967099567099567
