model,accuracy,sensitivity,specificity,balanced_accuracy
Logistic Regression,0.9736842105263158,0.9047619047619048,1,0.9523809523809523
Decision Tree,0.9605263157894737,0.8571428571428571,1,0.9285714285714286
